{
  "users": {
    "6289637049604@s.whatsapp.net": {
      "afkTime": -1,
      "afkReason": "",
      "limit": "Unlimited"
    },
    "62895422988663@s.whatsapp.net": {
      "afkTime": -1,
      "afkReason": "",
      "limit": "Unlimited"
    },
    "62895323009069@s.whatsapp.net": {
      "afkTime": -1,
      "afkReason": "",
      "limit": "Unlimited"
    }
  },
  "chats": {
    "6289637049604@s.whatsapp.net": {
      "mute": false,
      "antilink": false
    },
    "62895422988663@s.whatsapp.net": {
      "mute": false,
      "antilink": false
    }
  },
  "database": {},
  "game": {
    "tebaklagu": [],
    "family100": [],
    "math": [],
    "tebakgambar": [],
    "tebakkata": [],
    "lontong": [],
    "lontong_desk": [],
    "kalimat": [],
    "lirik": [],
    "tebakan": []
  },
  "settings": {
    "62895323009069@s.whatsapp.net": {
      "status": 0,
      "autobio": false
    }
  },
  "others": {
    "vote": []
  },
  "sticker": {}
}